Acanthorhynchus tenuirostris,10.44,B,2.0,2,2,no
Accipiter brevipes,186.48,B,4.0,4,4,yes
Accipiter cooperii,429.67,B,3.32520325203,3,5,no
Accipiter gentilis,866.04,B,3.33333333333,3,4,no
Accipiter nisus,220.79,B,3.0,3,3,no
Accipiter striatus,130.59,B,3.41025641026,3,5,yes
Accipiter tachiro,381.0,B,3.0,3,3,no
Accipiter trivirgatus,265.04,B,3.0,3,3,no
Aceros corrugatus,1590.0,B,2.0,2,2,no
Acinonyx jubatus,49259.3066667,M,3.0,3,3,no
Acrantophis dumerili,2972.0,R,3.0,3,3,no
Acrantophis madagascariensis,13335.0,R,3.0,3,3,no
Acris blanchardi,3.8,A,3.0,3,3,yes
Acrocephalus baeticatus,10.2,B,2.0,2,2,no
Aechmophorus occidentalis,1136.95,B,4.0,4,4,yes
Aegithina lafresnayei,11.96,B,2.0,2,2,no
Aegolius acadicus,100.69,B,3.33333333333,3,5,yes
Aegolius funereus,137.18,B,3.375,3,5,yes
Aepyceros melampus,52463.9233333,M,2.0,2,2,no
Aethia cristatella,259.36,B,4.33333333333,3,6,yes
Aethia psittacula,269.98,B,3.8,3,4,yes
Agapornis roseicollis,53.83,B,2.0,2,2,no
Agelaius phoeniceus,50.78,B,2.5,2,3,yes
Agkistrodon piscivorus,3334.0,R,3.5,3,4,yes
Aix sponsa,657.59,B,2.0,2,2,no
Akodon paranaensis,31.32,M,2.0,2,2,no
Alcedo atthis,31.09,B,4.0,4,4,yes
Alcelaphus buselaphus,165313.13,M,2.0,2,2,no
Alectoris chukar,502.1,B,2.5,2,3,yes
Alectroenas madagascariensis,173.0,B,2.0,2,2,no
Alectura lathami,2333.06,B,2.0,2,2,no
Alle alle,180.73,B,3.0,3,3,no
Alligator mississippiensis,319890.0,R,3.72727272727,3,4,yes
Alophoixus pallidus,46.0,B,2.0,2,2,no
Alopochen aegyptiaca,1873.0,B,2.0,2,2,no
Alouatta belzebul,6245.97,M,2.0,2,2,no
Alouatta caraya,5676.47333333,M,2.0,2,2,no
Alouatta palliata,6810.64666667,M,2.0,2,2,no
Amandava subflava,7.44,B,2.0,2,2,no
Amaurornis phoenicurus,180.0,B,3.0,3,3,yes
Amazilia brevirostris,4.3,B,2.0,2,2,no
Amazilia versicolor,4.1,B,2.0,2,2,no
Amazona aestiva,451.0,B,2.0,2,2,no
Amazona autumnalis,416.0,B,2.0,2,2,no
Amazona brasiliensis,327.37,B,2.0,2,2,no
Amazona ochrocephala,476.94,B,2.0,2,2,no
Amazona ventralis,214.0,B,2.0,2,2,no
Amazona viridigenalis,316.0,B,2.0,2,2,no
Amblyospiza albifrons,41.59,B,2.0,2,2,no
Ambystoma laterale,33.6824648564,A,3.0,3,3,yes
Ambystoma maculatum,24.0,A,3.0,3,3,yes
Ambystoma tigrinum,79.0,A,4.0,4,4,yes
Ametrida centurio,10.5133333333,M,2.0,2,2,no
Ammodramus leconteii,13.0,B,2.0,2,2,no
Ammospermophilus harrisii,125.19,M,2.0,2,2,no
Ammospermophilus leucurus,103.863333333,M,2.0,2,2,no
Ampeliceps coronatus,87.87,B,2.0,2,2,no
Anas acuta,944.62,B,2.5,2,3,yes
Anas americana,754.61,B,2.5,2,3,yes
Anas capensis,402.0,B,2.0,2,2,no
Anas clypeata,612.56,B,2.0,2,2,no
Anas crecca,341.89,B,2.5,2,3,yes
Anas penelope,770.03,B,2.0,2,2,no
Anas platyrhynchos,843.42,B,2.5,2,3,yes
Anas strepera,915.58,B,2.0,2,2,no
Anastomus lamelligerus,1081.0,B,3.0,3,3,yes
Anaxyrus americanus,118.7,A,3.0,3,3,no
Anaxyrus boreas,31.8989128274,A,3.5,3,4,yes
Andropadus importunus,27.4,B,2.0,2,2,no
Anguis fragilis,80.0,R,3.0,3,3,yes
Anhima cornuta,3150.0,B,2.0,2,2,no
Anodorhynchus hyacinthinus,1331.0,B,2.0,2,2,no
Anodorhynchus leari,939.99,B,2.0,2,2,no
Anolis carolinensis,9.0,R,3.0,3,3,yes
Anolis cuvieri,115.0,R,4.33333333333,4,5,yes
Anolis evermanni,10.0,R,3.5,3,4,yes
Anolis gundlachi,9.0,R,3.5,3,4,yes
Anolis sagrei,9.0,R,3.0,3,3,yes
Anolis scriptus,9.0,R,3.0,3,3,yes
Anolis stratulus,5.0,R,4.0,4,4,yes
Anorrhinus galeritus,1172.0,B,2.0,2,2,no
Anorrhinus tickelli,792.64,B,2.0,2,2,no
Anoura geoffroyi,14.9233333333,M,2.0,2,2,no
Anser albifrons,2506.39,B,2.0,2,2,no
Anser anser,3302.41,B,2.0,2,2,no
Anser brachyrhynchus,2642.04,B,2.0,2,2,no
Anser cygnoides,3511.94,B,2.0,2,2,no
Anser indicus,2212.55,B,2.0,2,2,no
Anseranas semipalmata,2393.4,B,2.0,2,2,no
Anthornis melanura,26.91,B,2.0,2,2,no
Anthracoceros albirostris,892.89,B,2.0,2,2,no
Anthracothorax nigricollis,7.0,B,2.0,2,2,no
Anthreptes collaris,6.98,B,2.0,2,2,no
Anthus rubescens,20.68,B,2.5,2,3,yes
Anthus spragueii,25.5,B,3.0,3,3,yes
Antidorcas marsupialis,32757.08,M,2.0,2,2,no
Antilocapra americana,46810.9766667,M,2.0,2,2,no
Antilophia galeata,21.48,B,2.0,2,2,no
Antrozous pallidus,21.7466666667,M,2.0,2,2,no
Aphelocoma californica,85.74,B,3.0,2,4,yes
Aplonis panayensis,56.2,B,2.0,2,2,no
Aptenodytes forsteri,33569.33,B,3.81818181818,3,4,no
Aptenodytes patagonicus,11731.07,B,3.6,3,4,yes
Aquila chrysaetos,4247.97,B,3.44827586207,3,5,no
Aquila verreauxii,4195.0,B,3.0,3,3,no
Ara ararauna,1125.0,B,2.0,2,2,no
Ara chloropterus,1214.0,B,2.0,2,2,no
Ara glaucogularis,783.99,B,2.0,2,2,no
Ara militaris,1134.0,B,2.0,2,2,no
Ara severus,343.0,B,2.0,2,2,no
Aramides cajanea,397.0,B,2.0,2,2,no
Aratinga auricapillus,130.0,B,2.0,2,2,no
Aratinga canicularis,85.0,B,2.0,2,2,no
Aratinga chloroptera,146.0,B,2.0,2,2,no
Aratinga euops,139.26,B,2.0,2,2,no
Aratinga mitrata,249.0,B,2.0,2,2,no
Aratinga wagleri,194.0,B,2.0,2,2,no
Archilochus alexandri,3.39,B,2.0,2,2,no
Archilochus colubris,3.09,B,2.0,2,2,no
Ardea cinerea,1443.0,B,3.83333333333,3,4,yes
Ardea herodias,2523.41,B,3.8,3,5,no
Arenaria interpres,135.98,B,3.0,3,3,yes
Arenaria melanocephala,126.21,B,2.5,2,3,yes
Arremon flavirostris,26.13,B,2.0,2,2,no
Artibeus concolor,19.5333333333,M,2.0,2,2,no
Artibeus jamaicensis,42.4666666667,M,2.0,2,2,no
Artibeus lituratus,59.7133333333,M,2.0,2,2,no
Artibeus planirostris,47.0,M,2.0,2,2,no
Asio flammeus,322.61,B,3.4358974359,3,5,yes
Asio otus,296.57,B,3.23684210526,3,5,yes
Aspidoscelis tigris,79.0,R,3.0,3,3,no
Ateles belzebuth,6137.47333333,M,2.0,2,2,no
Ateles chamek,6727.96666667,M,2.0,2,2,no
Ateles geoffroyi,6825.78,M,2.0,2,2,no
Ateles paniscus,8435.76666667,M,2.0,2,2,no
Athene cunicularia,150.61,B,3.5,3,5,yes
Athene noctua,168.92,B,3.0,3,3,yes
Atherurus africanus,2563.21666667,M,2.0,2,2,no
Attila phoenicurus,32.3,B,2.0,2,2,no
Attila rufus,42.6,B,2.0,2,2,no
Auriparus flaviceps,6.8,B,2.0,2,2,no
Aythya affinis,819.45,B,3.0,2,4,yes
Aythya collaris,704.55,B,2.5,2,3,yes
Aythya ferina,822.99,B,2.0,2,2,no
Aythya marila,1005.37,B,2.5,2,3,yes
Baeolophus atricristatus,17.5,B,2.0,2,2,no
Baeolophus bicolor,21.6,B,3.0,3,3,yes
Baeolophus inornatus,15.87,B,2.5,2,3,yes
Baryphthengus ruficapillus,141.65,B,2.0,2,2,no
Basileuterus culicivorus,10.5,B,2.0,2,2,no
Basileuterus flaveolus,13.19,B,2.0,2,2,no
Bassaricyon gabbii,1250.0,M,2.0,2,2,no
Bassariscus astutus,1053.29333333,M,3.5,3,4,yes
Boa constrictor,35318.0,R,3.0,3,3,no
Bombycilla cedrorum,31.58,B,2.5,2,3,yes
Bombycilla garrulus,54.41,B,2.0,2,2,no
Bonasa umbellus,530.91,B,3.0,2,4,no
Botaurus lentiginosus,706.0,B,3.90909090909,3,4,no
Bothrops asper,7499.0,R,3.0,3,3,no
Brachyramphus marmoratus,220.0,B,4.0,3,5,yes
Brachyteles arachnoides,11545.73,M,2.0,2,2,no
Brachyteles hypoxanthus,13499.88,M,2.0,2,2,no
Branta bernicla,1277.91,B,3.0,2,4,yes
Branta canadensis,2811.68,B,3.5,2,4,yes
Branta leucopsis,1683.97,B,2.0,2,2,no
Brotogeris chiriri,61.6,B,2.0,2,2,no
Brotogeris tirica,63.0,B,2.0,2,2,no
Brotogeris versicolurus,71.53,B,2.0,2,2,no
Bubo bubo,2668.51,B,3.8,3,4,no
Bubo lacteus,2114.94,B,3.0,3,3,no
Bubo virginianus,1575.7,B,3.44086021505,3,5,no
Bubulcus ibis,365.95,B,3.66666666667,3,4,yes
Bucephala albeola,397.46,B,3.0,3,3,yes
Bucephala clangula,918.56,B,3.0,3,3,yes
Buceros bicornis,2790.79,B,2.0,2,2,no
Buceros rhinoceros,2371.58,B,2.0,2,2,no
Buphagus africanus,58.5,B,3.0,3,3,no
Buteo albicaudatus,885.0,B,3.5,3,4,yes
Buteo albonotatus,745.92,B,3.16666666667,3,4,yes
Buteo brachyurus,496.01,B,3.33333333333,3,4,yes
Buteo buteo,759.1,B,3.28571428571,3,4,no
Buteo jamaicensis,1101.16,B,3.55454545455,3,5,no
Buteo lagopus,949.76,B,3.52380952381,3,5,yes
Buteo lineatus,603.72,B,3.48387096774,3,5,no
Buteo platypterus,453.65,B,3.59183673469,3,5,no
Buteo polyosoma,782.61,B,3.0,3,3,no
Buteo regalis,1437.18,B,3.5,3,5,yes
Buteo swainsoni,946.61,B,3.51724137931,3,5,yes
Buteogallus anthracinus,975.09,B,3.3,2,4,no
Buteogallus urubitinga,1152.87,B,3.0,3,3,no
Butorides virescens,201.5,B,3.75,3,4,yes
Cacatua galerita,720.43,B,2.0,2,2,no
Cairina moschata,2415.78,B,2.0,2,2,no
Calamospiza melanocorys,37.6,B,2.0,2,2,no
Calandrella cinerea,23.7,B,2.0,2,2,no
Calcarius lapponicus,27.84,B,2.5,2,3,yes
Calcarius mccownii,25.68,B,2.0,2,2,no
Calcarius ornatus,20.3,B,2.0,2,2,no
Calcarius pictus,26.66,B,2.0,2,2,no
Calidris alba,51.71,B,3.0,3,3,yes
Calidris alpina,51.89,B,3.75,3,4,yes
Calidris canutus,141.87,B,3.5,3,4,yes
Calidris maritima,65.1,B,2.5,2,3,yes
Calidris mauri,27.82,B,3.0,3,3,yes
Calidris melanotos,79.73,B,3.0,3,3,yes
Calidris minuta,21.1,B,3.0,3,3,yes
Calidris minutilla,22.88,B,3.66666666667,3,4,yes
Callicebus coimbrai,1011.32,M,2.0,2,2,no
Callicebus melanochir,1370.0,M,2.0,2,2,no
Callicebus nigrifrons,1011.32,M,2.0,2,2,no
Callipepla californica,165.7,B,2.0,2,2,no
Callipepla gambelii,165.95,B,2.5,2,3,yes
Callithrix aurita,372.066666667,M,2.0,2,2,no
Callithrix flaviceps,363.323333333,M,2.0,2,2,no
Callithrix geoffroyi,342.0,M,2.0,2,2,no
Callithrix jacchus,291.07,M,2.0,2,2,no
Callithrix kuhlii,363.996666667,M,2.0,2,2,no
Callithrix penicillata,340.66,M,2.0,2,2,no
Callocephalon fimbriatum,256.0,B,2.0,2,2,no
Callosciurus erythraeus,282.076666667,M,2.0,2,2,no
Callosciurus inornatus,325.0,M,2.0,2,2,no
Callosciurus notatus,205.663333333,M,2.0,2,2,no
Calocitta colliei,234.0,B,2.0,2,2,no
Caluromys derbianus,317.906666667,M,2.0,2,2,no
Caluromys lanatus,342.443333333,M,2.0,2,2,no
Caluromys philander,240.573333333,M,2.0,2,2,no
Calypte anna,4.24,B,2.0,2,2,no
Calypte costae,3.09,B,2.0,2,2,no
Campephilus principalis,516.0,B,2.0,2,2,no
Camptostoma obsoletum,8.1,B,2.0,2,2,no
Campylorhynchus brunneicapillus,38.9,B,2.5,2,3,yes
Canis latrans,12465.1433333,M,3.46153846154,2,5,no
Canis lupus,32979.9466667,M,3.34375,3,5,yes
Canis mesomelas,8359.10666667,M,2.5,2,3,no
Caracal caracal,12571.43,M,3.0,3,3,no
Caracara cheriway,1078.62,B,3.14285714286,3,4,yes
Caracara plancus,1078.62,B,2.5,2,3,no
Cardinalis cardinalis,42.64,B,2.5,2,3,yes
Cardioderma cor,26.83,M,3.0,3,3,no
Carduelis cannabina,19.53,B,2.0,2,2,no
Carduelis carduelis,16.0,B,2.0,2,2,no
Carduelis chloris,26.0,B,2.0,2,2,no
Carduelis psaltria,8.77,B,2.0,2,2,no
Carollia brevicauda,14.65,M,2.0,2,2,no
Carollia castanea,13.1566666667,M,2.0,2,2,no
Carollia perspicillata,18.7766666667,M,2.0,2,2,no
Carollia sowelli,16.5,M,2.0,2,2,no
Carollia subrufa,15.71,M,2.0,2,2,no
Carpodacus mexicanus,21.4,B,2.0,2,2,no
Carpodacus purpureus,23.3,B,2.0,2,2,no
Carpornis cucullata,74.19,B,2.0,2,2,no
Carpornis melanocephala,64.19,B,2.0,2,2,no
Casiornis rufus,24.8,B,2.0,2,2,no
Castor canadensis,19348.1366667,M,2.0,2,2,no
Casuarius casuarius,44000.0,B,2.0,2,2,no
Casuarius unappendiculatus,46073.85,B,2.0,2,2,no
Cathartes aura,1518.24,B,3.38235294118,2,5,yes
Cathartes burrovianus,935.0,B,2.0,2,2,no
Catharus fuscescens,31.9,B,2.5,2,3,yes
Catharus guttatus,30.1,B,2.5,2,3,yes
Catharus ustulatus,30.3,B,2.5,2,3,yes
Celeus flavescens,139.0,B,2.0,2,2,no
Centrocercus urophasianus,1902.46,B,2.0,2,2,no
Cephalophus dorsalis,20000.0,M,2.0,2,2,no
Cephalophus natalensis,12241.4933333,M,2.0,2,2,no
Cephalophus nigrifrons,14258.7266667,M,2.0,2,2,no
Cephalophus silvicultor,65268.9766667,M,2.0,2,2,no
Cephalopterus penduliger,338.0,B,2.0,2,2,no
Cepphus columba,530.0,B,4.09090909091,4,5,yes
Cepphus grylle,378.0,B,4.0,4,4,yes
Cerastes cerastes,372.0,R,3.0,3,3,no
Ceratotherium simum,2498641.91333,M,2.0,2,2,no
Cercocebus galeritus,7330.89333333,M,2.0,2,2,no
Cercopithecus ascanius,3543.41333333,M,2.0,2,2,no
Cercopithecus cephus,3456.62,M,2.0,2,2,no
Cercopithecus erythrotis,3474.43666667,M,2.0,2,2,no
Cercopithecus mitis,5027.09666667,M,2.0,2,2,no
Cercopithecus mona,4056.16666667,M,2.0,2,2,no
Cercopithecus neglectus,5374.83666667,M,2.0,2,2,no
Cercopithecus nictitans,5440.08333333,M,2.0,2,2,no
Cercopithecus petaurista,3082.88333333,M,2.0,2,2,no
Cerdocyon thous,5573.88,M,2.0,2,2,no
Cerorhinca monocerata,482.24,B,4.0,4,4,yes
Certhia americana,8.1,B,2.0,2,2,no
Cervus elaphus,215294.326667,M,2.0,2,2,no
Chaetodipus penicillatus,15.82,M,2.0,2,2,no
Chalcophaps indica,136.54,B,2.0,2,2,no
Chamaea fasciata,14.73,B,2.0,2,2,no
Chamaepetes goudotii,727.67,B,2.0,2,2,no
Chamaesaura anguina,15.0,R,3.0,3,3,yes
Charadrius hiaticula,64.04,B,3.0,3,3,yes
Charadrius semipalmatus,46.74,B,3.0,3,3,yes
Charadrius vociferus,96.44,B,2.0,2,2,no
Cheirogaleus major,448.006666667,M,2.0,2,2,no
Cheirogaleus medius,191.586666667,M,2.0,2,2,no
Chelonoidis denticulata,78343.0,R,2.0,2,2,no
Chelydra serpentina,34995.0,R,4.0,4,4,yes
Chen caerulescens,2636.15,B,2.0,2,2,no
Chen canagica,2136.49,B,2.0,2,2,no
Chenonetta jubata,807.46,B,2.0,2,2,no
Chionis albus,675.69,B,3.5,3,4,yes
Chiroxiphia caudata,25.6,B,2.0,2,2,no
Chiroxiphia pareola,16.84,B,2.0,2,2,no
Chloephaga hybrida,2281.8,B,2.0,2,2,no
Chloephaga picta,2880.37,B,2.0,2,2,no
Chloephaga rubidiceps,2086.0,B,2.0,2,2,no
Chlorocebus aethiops,3960.33,M,2.0,2,2,no
Chlorocebus tantalus,4993.0,M,2.0,2,2,no
Chlorophanes spiza,19.0,B,2.0,2,2,no
Chlorophonia cyanea,14.0,B,2.0,2,2,no
Chrysococcyx lucidus,24.44,B,2.5,2,3,yes
Chrysocyon brachyurus,23291.6133333,M,3.0,2,4,no
Chrysolampis mosquitus,3.9,B,2.0,2,2,no
Chrysomus ruficapillus,32.0,B,2.0,2,2,no
Cinnyricinclus leucogaster,44.0,B,2.0,2,2,no
Circus aeruginosus,704.07,B,4.0,4,4,yes
Circus approximans,746.19,B,3.0,3,3,no
Circus cyaneus,392.98,B,3.44444444444,3,5,no
Cissopis leverianus,76.0,B,2.0,2,2,no
Cistothorus palustris,10.8,B,3.0,3,3,no
Civettictis civetta,12058.5166667,M,2.0,2,2,no
Clangula hyemalis,871.0,B,4.0,4,4,yes
Clytolaema rubricauda,7.9,B,2.0,2,2,no
Cnemotriccus fuscatus,13.6,B,2.0,2,2,no
Coccothraustes coccothraustes,56.63,B,2.0,2,2,no
Coccyzus americanus,64.0,B,3.0,3,3,yes
Coendou bicolor,4344.18,M,2.0,2,2,no
Coendou prehensilis,4212.05666667,M,2.0,2,2,no
Coereba flaveola,10.01,B,2.0,2,2,no
Colaptes auratus,131.46,B,2.5,2,3,yes
Colaptes campestris,158.0,B,2.0,2,2,no
Colaptes chrysoides,111.0,B,2.0,2,2,no
Colaptes melanochloros,127.27,B,2.0,2,2,no
Colinus virginianus,171.89,B,2.0,2,2,no
Colius colius,41.4,B,2.0,2,2,no
Colius striatus,51.1,B,2.0,2,2,no
Colobus guereza,10175.2933333,M,2.0,2,2,no
Colobus polykomos,9108.24666667,M,2.0,2,2,no
Colobus satanas,7508.42666667,M,2.0,2,2,no
Colonia colonus,18.3,B,2.0,2,2,no
Coluber constrictor,607.0,R,3.66666666667,3,4,no
Columba livia,354.2,B,2.0,2,2,no
Columba palumbus,490.0,B,2.0,2,2,no
Columba punicea,434.39,B,2.0,2,2,no
Columbina squammata,52.9,B,2.0,2,2,no
Columbina talpacoti,46.04,B,2.0,2,2,no
Conirostrum speciosum,8.8,B,2.0,2,2,no
Connochaetes taurinus,191539.546667,M,2.0,2,2,no
Conopias trivirgatus,24.36,B,2.0,2,2,no
Contopus cinereus,11.6,B,2.0,2,2,no
Contopus cooperi,32.1,B,3.0,3,3,yes
Contopus pertinax,27.2,B,3.0,3,3,yes
Contopus sordidulus,13.1,B,3.0,3,3,yes
Contopus virens,13.9,B,2.5,2,3,yes
Coracias caudatus,110.0,B,3.0,3,3,yes
Coracias garrulus,146.0,B,3.0,3,3,yes
Coracina melaschistos,43.0,B,2.0,2,2,no
Coracopsis nigra,186.24,B,2.0,2,2,no
Coracopsis vasa,525.0,B,2.0,2,2,no
Coragyps atratus,1881.69,B,3.25,2,5,yes
Coronella austriaca,67.0,R,4.0,4,4,yes
Coronella girondica,67.0,R,4.0,4,4,yes
Corvus albicollis,893.99,B,3.0,3,3,no
Corvus albus,524.0,B,3.0,2,4,yes
Corvus brachyrhynchos,448.76,B,3.42857142857,2,5,yes
Corvus caurinus,390.79,B,2.66666666667,2,3,no
Corvus corax,927.97,B,3.60606060606,2,5,yes
Corvus corone,570.0,B,2.75,2,3,no
Corvus frugilegus,452.1,B,3.0,3,3,no
Corvus hawaiiensis,518.82,B,3.5,2,5,yes
Corvus ossifragus,284.6,B,3.66666666667,2,5,yes
Corvus splendens,292.55,B,3.0,3,3,yes
Coryphospingus cucullatus,14.28,B,2.0,2,2,no
Coryphospingus pileatus,15.3,B,2.0,2,2,no
Corythaeola cristata,964.99,B,2.0,2,2,no
Corythaixoides concolor,258.0,B,2.0,2,2,no
Corythaixoides leucogaster,216.16,B,2.0,2,2,no
Cossypha caffra,28.5,B,2.0,2,2,no
Cracticus torquatus,82.88,B,3.0,3,3,yes
Cranioleuca pallida,11.5,B,2.0,2,2,no
Crax blumenbachii,3500.0,B,2.0,2,2,no
Crax daubentoni,2499.91,B,2.0,2,2,no
Crax rubra,4133.0,B,2.0,2,2,no
Cricetomys emini,1286.66333333,M,2.0,2,2,no
Cricetomys gambianus,1269.50666667,M,2.0,2,2,no
Crinifer piscator,370.0,B,2.0,2,2,no
Crocodylus niloticus,591562.0,R,3.5,3,4,yes
Crocuta crocuta,64620.68,M,3.0625,3,4,no
Crotalus atrox,6166.0,R,3.0,3,3,no
Crotalus cerastes,314.0,R,3.0,3,3,no
Crotalus oreganus,2143.0,R,3.5,3,4,yes
Crotalus totonacus,2884.0,R,3.0,3,3,no
Crotaphytus collaris,62.0,R,4.0,4,4,no
Crotophaga ani,110.09,B,2.0,2,2,no
Crotophaga major,148.25,B,2.0,2,2,no
Cryptoprocta ferox,9500.0,M,3.0,3,3,no
Cuculus canorus,111.36,B,3.5,3,4,yes
Cyanerpes cyaneus,14.0,B,2.0,2,2,no
Cyanocitta cristata,88.0,B,3.6,3,5,yes
Cyanocitta stelleri,128.0,B,3.0,2,4,yes
Cyanocorax caeruleus,272.0,B,2.0,2,2,no
Cyanocorax chrysops,166.0,B,2.0,2,2,no
Cyanocorax cristatellus,178.0,B,2.0,2,2,no
Cyanocorax cyanomelas,207.0,B,2.0,2,2,no
Cyanocorax cyanopogon,146.0,B,2.0,2,2,no
Cyanoramphus novaezelandiae,90.22,B,2.0,2,2,no
Cyclarhis gujanensis,28.8,B,2.0,2,2,no
Cygnus buccinator,11071.13,B,2.0,2,2,no
Cygnus columbianus,6377.96,B,2.5,2,3,yes
Cygnus melancoryphus,4711.68,B,2.0,2,2,no
Cygnus olor,10682.04,B,2.5,2,3,yes
Cynopterus brachyotis,32.84,M,2.0,2,2,no
Cynopterus sphinx,44.2233333333,M,2.0,2,2,no
Cypseloides niger,39.67,B,3.0,3,3,yes
Cyrtonyx montezumae,185.38,B,2.0,2,2,no
Daboia palaestinae,1694.0,R,3.0,3,3,yes
Dacnis cayana,13.0,B,2.0,2,2,no
Dacnis nigripes,14.0,B,2.0,2,2,no
Dama dama,55266.5366667,M,2.0,2,2,no
Daption capense,429.62,B,3.33333333333,3,4,yes
Dasyprocta azarae,2755.6,M,2.0,2,2,no
Dasyprocta fuliginosa,3500.01333333,M,2.0,2,2,no
Dasyprocta leporina,3016.67,M,2.0,2,2,no
Dasyprocta prymnolopha,2900.00333333,M,2.0,2,2,no
Dasyprocta punctata,2431.36666667,M,2.0,2,2,no
Dasypus novemcinctus,4050.93,M,2.0,2,2,no
Daubentonia madagascariensis,2660.45666667,M,2.0,2,2,no
Dendroaspis polylepis,8222.0,R,3.0,3,3,no
Dendrocitta formosae,102.74,B,3.0,3,3,yes
Dendrocopos major,74.94,B,2.85714285714,2,3,no
Dendrocygna arborea,1150.0,B,2.0,2,2,no
Dendrocygna autumnalis,755.3,B,2.5,2,3,yes
Dendrocygna bicolor,756.37,B,2.0,2,2,no
Dendrocygna viduata,689.99,B,2.0,2,2,no
Dendroica castanea,11.8,B,3.0,3,3,yes
Dendroica fusca,9.74,B,3.0,3,3,yes
Dendroica petechia,10.22,B,2.0,2,2,no
Deroptyus accipitrinus,246.0,B,2.0,2,2,no
Desmodillus auricularis,54.3366666667,M,2.0,2,2,no
Desmodus rotundus,32.4566666667,M,3.0,3,3,no
Dicaeum chrysorrheum,9.0,B,2.0,2,2,no
Didelphis albiventris,991.49,M,2.0,2,2,no
Didelphis aurita,1126.62333333,M,2.0,2,2,no
Didelphis marsupialis,1125.30333333,M,2.0,2,2,no
Didelphis virginiana,2369.18666667,M,3.16666666667,2,4,yes
Diomedea exulans,6961.29,B,3.42857142857,2,4,yes
Diopsittaca nobilis,150.91,B,2.0,2,2,no
Dipodomys californicus,84.97,M,2.0,2,2,no
Dipodomys spectabilis,128.496666667,M,4.0,4,4,no
Dipodomys stephensi,68.9133333333,M,2.0,2,2,no
Dipsosaurus dorsalis,160.0,R,2.0,2,2,no
Dolichonyx oryzivorus,31.46,B,2.0,2,2,no
Dolichophis caspius,1199.0,R,4.0,4,4,yes
Drymarchon melanurus,1828.0,R,4.0,4,4,no
Dryocopus lineatus,183.19,B,2.0,2,2,no
Ducula aenea,545.0,B,2.0,2,2,no
Ducula badia,485.99,B,2.0,2,2,no
Ducula bicolor,440.01,B,2.0,2,2,no
Ducula poliocephala,555.0,B,2.0,2,2,no
Dumetella carolinensis,35.3,B,2.0,2,2,no
Egretta caerulea,338.61,B,3.88888888889,3,4,no
Egretta garzetta,312.0,B,3.0,3,3,yes
Egretta novaehollandiae,558.64,B,3.0,3,3,yes
Egretta rufescens,614.0,B,3.73333333333,3,4,yes
Egretta sacra,502.0,B,3.0,3,3,no
Egretta thula,371.0,B,3.94117647059,3,4,no
Egretta tricolor,372.3,B,3.90909090909,3,4,yes
Eidolon dupreanum,292.11,M,2.0,2,2,no
Eidolon helvum,253.306666667,M,2.0,2,2,no
Eira barbara,4061.67333333,M,2.5,2,3,no
Elaenia chiriquensis,15.4,B,2.0,2,2,no
Elaenia cristata,18.2,B,2.0,2,2,no
Elaenia parvirostris,13.8,B,2.0,2,2,no
Elaenia spectabilis,27.3,B,2.0,2,2,no
Elanoides forficatus,416.24,B,3.75,3,5,yes
Elanus caeruleus,259.76,B,3.0,3,3,no
Elanus leucurus,346.0,B,4.0,3,5,yes
Elaphe dione,117.0,R,4.0,4,4,yes
Elephas maximus,3168278.11333,M,2.0,2,2,no
Eleutherodactylus coqui,7.01233176708,A,4.0,3,5,yes
Eleutherodactylus eneidae,2.7118030496,A,3.0,3,3,yes
Eleutherodactylus hedricki,3.53908218703,A,3.0,3,3,yes
Eleutherodactylus portoricensis,4.84903000932,A,3.0,3,3,yes
Eleutherodactylus richmondi,6.55302704881,A,3.0,3,3,yes
Eleutherodactylus wightmanae,1.71374882568,A,3.5,3,4,yes
Elgaria multicarinata,116.0,R,3.0,3,3,yes
Eliurus webbi,65.7766666667,M,2.0,2,2,no
Emberiza schoeniclus,18.4,B,3.0,3,3,yes
Empidonax alnorum,12.7,B,2.5,2,3,yes
Empidonax flaviventris,11.8,B,2.5,2,3,yes
Empidonax hammondii,10.44,B,3.0,3,3,yes
Empidonax occidentalis,11.6,B,3.0,3,3,yes
Empidonomus varius,27.1,B,2.0,2,2,no
Enhydra lutris,26136.9766667,M,3.8,3,5,yes
Epixerus ebii,570.32,M,2.0,2,2,no
Epomophorus crypturus,95.04,M,2.0,2,2,no
Epomophorus gambianus,130.486666667,M,2.0,2,2,no
Epomophorus wahlbergi,92.6566666667,M,2.0,2,2,no
Eremophila alpestris,33.33,B,2.5,2,3,yes
Erethizon dorsatum,7308.26333333,M,2.0,2,2,no
Erinaceus europaeus,782.983333333,M,3.0,3,3,yes
Erithacus rubecula,17.7,B,2.5,2,3,yes
Estrilda astrild,8.29,B,2.0,2,2,no
Estrilda erythronotos,9.2,B,2.0,2,2,no
Eucometis penicillata,27.0,B,2.0,2,2,no
Eudynamys scolopaceus,194.92,B,2.0,2,2,no
Eudyptes chrysocome,2327.85,B,3.5,3,4,yes
Eudyptes chrysolophus,4485.08,B,3.66666666667,3,4,yes
Eudyptes schlegeli,4242.64,B,3.6,3,4,yes
Eulemur fulvus,2638.99666667,M,2.0,2,2,no
Eulemur macaco,2330.14333333,M,2.0,2,2,no
Eulemur rubriventer,1818.46666667,M,2.0,2,2,no
Eunectes murinus,345144.0,R,3.0,3,3,no
Euphagus carolinus,59.57,B,2.0,2,2,no
Euphagus cyanocephalus,62.48,B,3.0,2,4,yes
Euphonia affinis,10.0,B,2.0,2,2,no
Euphonia chalybea,19.0,B,2.0,2,2,no
Euphonia chlorotica,11.0,B,2.0,2,2,no
Euphonia elegantissima,15.0,B,2.0,2,2,no
Euphonia pectoralis,14.4,B,2.0,2,2,no
Euphonia violacea,15.0,B,2.0,2,2,no
Euphonia xanthogaster,13.0,B,2.0,2,2,no
Euplectes albonotatus,21.05,B,2.0,2,2,no
Euplectes orix,22.97,B,2.0,2,2,no
Eurocephalus anguitimens,69.04,B,2.0,2,2,no
Eurydactylodes agricolae,4.0,R,2.0,2,2,no
Falco biarmicus,606.09,B,4.0,4,4,no
Falco columbarius,188.5,B,3.2,3,4,yes
Falco deiroleucus,459.56,B,3.0,3,3,no
Falco femoralis,335.76,B,3.15,3,4,yes
Falco mexicanus,713.07,B,3.11627906977,2,4,yes
Falco naumanni,152.06,B,3.0,3,3,yes
Falco novaeseelandiae,418.6,B,3.28571428571,3,4,yes
Falco peregrinus,759.95,B,3.67816091954,3,5,yes
Falco rusticolus,1431.72,B,4.0,3,5,yes
Falco sparverius,114.61,B,3.32352941176,3,5,yes
Falco subbuteo,208.17,B,3.66666666667,3,4,yes
Falco tinnunculus,183.21,B,3.5,3,5,yes
Felis silvestris,4721.02333333,M,3.41176470588,3,5,yes
Ficedula hypoleuca,13.79,B,2.0,2,2,no
Florisuga fusca,8.1,B,2.0,2,2,no
Florisuga mellivora,7.4,B,2.0,2,2,no
Forpus coelestis,26.14,B,2.0,2,2,no
Forpus xanthopterygius,31.0,B,2.0,2,2,no
Fratercula arctica,593.01,B,3.625,3,4,yes
Fratercula cirrhata,774.37,B,4.125,3,6,yes
Fratercula corniculata,536.14,B,4.0625,4,5,yes
Fregata magnificens,1490.52,B,3.0,3,3,no
Fregetta tropica,52.0,B,3.57142857143,3,4,yes
Fringilla coelebs,23.81,B,2.5,2,3,yes
Fulica alai,426.1,B,2.0,2,2,no
Fulica americana,636.74,B,3.5,2,4,yes
Fulmarus glacialis,611.94,B,3.61538461538,3,4,yes
Fulmarus glacialoides,793.42,B,3.42857142857,3,4,yes
Funisciurus anerythrus,221.846666667,M,2.0,2,2,no
Funisciurus isabella,109.103333333,M,2.0,2,2,no
Funisciurus lemniscatus,140.996666667,M,2.0,2,2,no
Funisciurus pyrropus,261.06,M,2.0,2,2,no
Furcifer oustaleti,435.0,R,3.0,3,3,yes
Furnarius rufus,46.42,B,2.0,2,2,no
Galagoides zanzibaricus,148.0,M,2.0,2,2,no
Galidia elegans,809.666666667,M,3.0,3,3,no
Gallinula chloropus,339.63,B,2.5,2,3,yes
Gallus gallus,751.72,B,4.0,4,4,no
Garrulax canorus,62.78,B,2.0,2,2,no
Garrulax leucolophus,123.44,B,2.0,2,2,no
Garrulus glandarius,159.46,B,3.0,2,4,yes
Gavia arctica,2251.1,B,4.0,4,4,yes
Gavia immer,4956.81,B,3.875,3,5,yes
Genetta genetta,1778.72333333,M,2.0,2,2,no
Geococcyx californianus,376.0,B,3.5,3,4,no
Geococcyx velox,179.89,B,3.0,3,3,no
Geranoaetus melanoleucus,2378.62,B,3.0,3,3,no
Gerbillurus paeba,25.0366666667,M,2.0,2,2,no
Giraffa camelopardalis,939883.176667,M,2.0,2,2,no
Glaucidium brasilianum,75.1,B,3.5,3,5,yes
Glaucidium gnoma,61.25,B,3.42105263158,3,5,yes
Glaucis hirsutus,6.76,B,2.0,2,2,no
Glaucomys sabrinus,147.176666667,M,3.0,3,3,no
Glossophaga commissarisi,9.04,M,2.0,2,2,no
Glossophaga longirostris,12.8133333333,M,2.0,2,2,no
Glossophaga soricina,9.76666666667,M,2.0,2,2,no
Gorilla beringei,149325.19,M,2.0,2,2,no
Gorilla gorilla,119404.836667,M,2.0,2,2,no
Gracula religiosa,192.0,B,2.0,2,2,no
Grus americana,5825.99,B,2.5,2,3,yes
Grus canadensis,4296.22,B,2.5,2,3,yes
Guira guira,141.0,B,2.5,2,3,yes
Gulo gulo,14201.6833333,M,3.0,3,3,no
Gymnorhina tibicen,284.87,B,2.0,2,2,no
Gymnorhinus cyanocephalus,104.82,B,2.0,2,2,no
Gypohierax angolensis,1600.0,B,2.0,2,2,no
Gyps africanus,5432.99,B,3.25,3,4,no
Habia rubica,32.46,B,2.0,2,2,no
Haematopus ater,724.0,B,3.0,3,3,yes
Haematopus bachmani,555.0,B,3.5,3,4,yes
Haematopus finschi,526.0,B,3.0,3,3,yes
Haematopus ostralegus,526.0,B,3.0,3,3,yes
Haematopus palliatus,601.45,B,3.0,3,3,yes
Haematopus unicolor,671.0,B,3.0,3,3,yes
Halcyon smyrnensis,91.4,B,3.0,3,3,no
Haliaeetus albicilla,4729.27,B,4.0,4,4,yes
Haliaeetus leucocephalus,4700.58,B,3.66990291262,3,6,yes
Halobaena caerulea,202.0,B,3.7,3,4,yes
Hapalemur griseus,1090.66666667,M,2.0,2,2,no
Haplospiza unicolor,15.28,B,2.0,2,2,no
Harpactes oreskios,57.3,B,2.0,2,2,no
Harpia harpyja,4800.0,B,3.0,3,3,no
Helarctos malayanus,53525.26,M,2.0,2,2,no
Heliosciurus gambianus,263.786666667,M,2.0,2,2,no
Heliosciurus rufobrachium,345.793333333,M,2.0,2,2,no
Helmitheros vermivorum,14.16,B,3.0,3,3,yes
Hemiphaga novaeseelandiae,653.0,B,2.0,2,2,no
Hemithraupis flavicollis,12.8,B,2.0,2,2,no
Hemithraupis guira,12.0,B,2.0,2,2,no
Hemithraupis ruficapilla,11.0,B,2.0,2,2,no
Hemixos flavala,32.5,B,2.0,2,2,no
Herpestes javanicus,755.0,M,4.125,3,5,yes
Heterohyrax brucei,2509.55333333,M,2.0,2,2,no
Heteromys desmarestianus,73.0,M,2.0,2,2,no
Hierophis viridiflavus,386.0,R,4.0,4,4,yes
Himantopus himantopus,176.82,B,3.0,3,3,yes
Hippopotamus amphibius,1491266.79667,M,2.0,2,2,no
Hirundo rustica,17.91,B,3.0,3,3,yes
Histrionicus histrionicus,561.57,B,3.5,3,4,yes
Hoplobatrachus tigerinus,600.0,A,5.0,5,5,yes
Hyaena hyaena,37291.8733333,M,3.0,3,3,no
Hybomys univittatus,52.1866666667,M,2.0,2,2,no
Hyemoschus aquaticus,10833.3366667,M,2.0,2,2,no
Hyla arborea,9.5,A,3.0,3,3,yes
Hyla squirella,2.88,A,3.0,3,3,yes
Hylobates agilis,5779.69333333,M,2.0,2,2,no
Hylobates lar,5366.87,M,2.0,2,2,no
Hylobates muelleri,5946.60333333,M,2.0,2,2,no
Hylonycteris underwoodi,7.21666666667,M,2.0,2,2,no
Hylophilus amaurocephalus,11.59,B,2.0,2,2,no
Hylophilus poicilotis,10.4,B,2.0,2,2,no
Hylophilus thoracicus,13.8,B,2.0,2,2,no
Hymenolaimus malacorhynchos,829.99,B,3.0,3,3,yes
Hypothymis azurea,11.1,B,2.0,2,2,no
Hypsignathus monstrosus,335.683333333,M,2.0,2,2,no
Hypsipetes leucocephalus,51.8,B,2.0,2,2,no
Hypsipetes madagascariensis,45.99,B,2.0,2,2,no
Hypsiprymnodon moschatus,530.083333333,M,2.0,2,2,no
Hystrix brachyura,8150.0,M,2.0,2,2,no
Icterus bullockii,37.9,B,2.5,2,3,yes
Icterus cayanensis,35.44,B,2.0,2,2,no
Icterus cucullatus,24.3,B,2.0,2,2,no
Icterus dominicensis,35.74,B,4.11111111111,4,5,yes
Icterus galbula,32.83,B,2.0,2,2,no
Icterus parisorum,36.48,B,2.0,2,2,no
Ictinia mississippiensis,276.03,B,4.0,4,4,no
Iguana iguana,8222.0,R,2.0,2,2,no
Ilicura militaris,12.7,B,2.0,2,2,no
Indotestudo forstenii,5445.0,R,2.0,2,2,no
Iole propinqua,25.9,B,2.0,2,2,no
Irena puella,64.9,B,2.0,2,2,no
Ithycyphus oursi,535.0,R,4.0,4,4,yes
Junco hyemalis,19.5,B,2.5,2,3,yes
Knipolegus nigerrimus,20.3,B,2.0,2,2,no
Kobus ellipsiprymnus,205464.606667,M,2.0,2,2,no
Kobus kob,79345.09,M,4.0,3,5,yes
Lacerta agilis,34.0,R,3.0,3,3,yes
Lagopus lagopus,566.86,B,2.0,2,2,no
Lagopus muta,535.3,B,2.0,2,2,no
Lagothrix lagotricha,6277.89333333,M,2.0,2,2,no
Lampropeltis californiae,681.0,R,4.0,4,4,no
Lampropeltis getula,755.0,R,4.0,4,4,no
Lampropeltis triangulum,598.0,R,4.0,4,4,no
Lanius collaris,36.44,B,3.0,3,3,no
Lanius collurio,28.44,B,3.0,3,3,no
Lanius excubitor,63.41,B,3.5,3,5,yes
Lanius ludovicianus,51.59,B,3.72727272727,3,5,no
Larus argentatus,1090.99,B,3.78125,3,5,yes
Larus californicus,683.39,B,3.6,3,4,yes
Larus canus,412.53,B,3.6,3,4,yes
Larus delawarensis,516.31,B,3.75,3,4,yes
Larus dominicanus,952.43,B,3.5,3,4,no
Larus fuscus,762.36,B,3.0,3,3,yes
Larus glaucescens,1056.54,B,3.72222222222,2,5,yes
Larus heermanni,499.99,B,3.5,3,4,yes
Larus hyperboreus,1529.04,B,3.65,3,5,yes
Larus marinus,1649.71,B,3.55555555556,3,4,yes
Larus occidentalis,922.78,B,3.77777777778,3,4,yes
Lathrotriccus euleri,11.33,B,2.0,2,2,no
Lechriodus fletcheri,7.78,A,3.0,3,3,yes
Legatus leucophaius,22.2,B,2.0,2,2,no
Leipoa ocellata,1913.89,B,2.5,2,3,yes
Lemur catta,2722.16,M,2.0,2,2,no
Leontopithecus caissara,593.67,M,2.0,2,2,no
Leontopithecus chrysomelas,573.2,M,2.0,2,2,no
Leontopithecus chrysopygus,670.706666667,M,2.0,2,2,no
Leontopithecus rosalia,573.673333333,M,2.0,2,2,no
Leopardus pardalis,11893.36,M,3.0,3,3,no
Leopardus tigrinus,2230.0,M,2.0,2,2,no
Leopardus wiedii,3263.59333333,M,2.0,2,2,no
Leopoldamys sabanus,345.646666667,M,2.0,2,2,no
Lepilemur dorsalis,504.283333333,M,2.0,2,2,no
Leptailurus serval,11933.31,M,3.0,3,3,no
Leptodactylus albilabris,6.32830460639,A,4.0,4,4,yes
Leptonycteris yerbabuenae,22.24,M,2.0,2,2,no
Leptopogon amaurocephalus,11.7,B,2.0,2,2,no
Leptotila rufaxilla,157.0,B,2.0,2,2,no
Leptotila verreauxi,146.88,B,2.0,2,2,no
Lepus arcticus,4415.92333333,M,2.0,2,2,no
Lepus californicus,2421.65333333,M,2.5,2,3,no
Lepus townsendii,2768.88,M,2.5,2,3,no
Leucochloris albicollis,6.3,B,2.0,2,2,no
Lichmera incana,13.1,B,2.0,2,2,no
Limnodromus griseus,110.53,B,3.83333333333,3,4,yes
Limosa fedoa,357.02,B,3.5,2,4,yes
Limosa lapponica,291.65,B,3.0,3,3,yes
Lipaugus lanioides,94.8,B,2.0,2,2,no
Lipaugus vociferans,75.42,B,2.0,2,2,no
Lithobates catesbeianus,467.8,A,3.6,3,5,yes
Lithobates pipiens,39.2,A,3.0,3,3,no
Locustella naevia,13.3,B,3.0,3,3,yes
Lonchophylla mordax,17.9533333333,M,2.0,2,2,no
Lonchura punctulata,13.6,B,2.0,2,2,no
Lontra canadensis,8088.28,M,4.0,3,5,no
Lontra felina,17665.12,M,3.5,3,4,yes
Lophocebus albigena,7489.59,M,2.0,2,2,no
Lophodytes cucullatus,613.77,B,3.33333333333,3,4,yes
Loriculus vernalis,35.7,B,2.0,2,2,no
Loxia curvirostra,38.29,B,2.0,2,2,no
Loxia leucoptera,28.69,B,2.5,2,3,yes
Loxigilla noctis,16.63,B,2.0,2,2,no
Loxodonta africana,3901524.73667,M,2.0,2,2,no
Lutra lutra,8837.94333333,M,3.85714285714,3,4,yes
Lutreolina crassicaudata,549.69,M,2.0,2,2,no
Lycalopex gymnocercus,4542.67,M,2.0,2,2,no
Lycalopex vetulus,4233.47,M,2.0,2,2,no
Lycaon pictus,22016.6866667,M,3.0,3,3,no
Lynx canadensis,9608.69,M,3.0,3,3,no
Lynx rufus,7222.85666667,M,3.1875,3,4,no
Macaca assamensis,9702.29666667,M,2.0,2,2,no
Macaca cyclopis,5836.31333333,M,2.0,2,2,no
Macaca fascicularis,4383.60666667,M,2.0,2,2,no
Macaca fuscata,10204.92,M,2.0,2,2,no
Macaca mulatta,5539.39666667,M,2.0,2,2,no
Macaca nemestrina,7329.09333333,M,2.0,2,2,no
Macaca radiata,4563.33,M,2.0,2,2,no
Macaca siberu,5786.96,M,2.0,2,2,no
Macaca tonkeana,9711.84333333,M,2.0,2,2,no
Machaeropterus regulus,9.34,B,2.0,2,2,no
Macheiramphus alcinus,650.0,B,3.0,3,3,no
Machetornis rixosa,29.6,B,2.0,2,2,no
Macroglossus minimus,16.3233333333,M,2.0,2,2,no
Macronectes giganteus,3591.69,B,3.73333333333,3,4,yes
Macronous gularis,11.83,B,2.0,2,2,no
Macropygia unchall,168.0,B,2.0,2,2,no
Madoqua kirkii,4967.81666667,M,2.0,2,2,no
Malacomys longipes,95.6133333333,M,2.0,2,2,no
Malaconotus blanchoti,78.7,B,3.0,3,3,yes
Manacus aurantiacus,15.5,B,2.0,2,2,no
Manacus vitellinus,18.16,B,2.0,2,2,no
Manorina melanocephala,60.22,B,2.0,2,2,no
Margarops fuscatus,98.43,B,3.9,2,5,yes
Marmosops paulensis,38.89,M,2.0,2,2,no
Martes americana,1001.89666667,M,3.0,3,3,no
Martes foina,1628.6,M,2.5,2,3,no
Martes martes,1299.99666667,M,3.2,3,4,yes
Martes pennanti,3833.33333333,M,3.0,3,3,no
Mastomys natalensis,50.83,M,2.0,2,2,no
Maxomys surifer,150.283333333,M,2.0,2,2,no
Mazama americana,21215.5366667,M,2.0,2,2,no
Megaceryle alcyon,148.0,B,3.75,3,4,yes
Megalaima australis,33.3,B,2.0,2,2,no
Megalaima faiostricta,92.95,B,2.0,2,2,no
Megalaima haemacephala,44.49,B,2.0,2,2,no
Megalaima incognita,92.95,B,2.0,2,2,no
Megalaima lineata,148.96,B,2.0,2,2,no
Megalaima oorti,87.69,B,2.0,2,2,no
Megarynchus pitangua,69.91,B,2.0,2,2,no
Megascops asio,179.99,B,3.28205128205,3,5,yes
Megascops kennicottii,141.82,B,3.4,3,5,yes
Megascops nudipes,137.34,B,4.09090909091,3,5,yes
Melamprosops phaeosoma,25.5,B,2.0,2,2,no
Melanerpes candidus,108.0,B,2.0,2,2,no
Melanerpes carolinus,69.5,B,2.0,2,2,no
Melanerpes erythrocephalus,71.6,B,2.5,2,3,yes
Melanerpes flavifrons,57.78,B,2.0,2,2,no
Melanerpes formicivorus,79.62,B,2.5,2,3,yes
Melanerpes lewis,105.76,B,2.0,2,2,no
Melanerpes portoricensis,59.86,B,3.66666666667,2,5,yes
Melanerpes uropygialis,64.66,B,2.0,2,2,no
Melanitta fusca,1800.17,B,3.5,3,4,yes
Melanitta perspicillata,1096.33,B,3.0,2,4,yes
Meleagris gallopavo,5791.37,B,2.5,2,3,yes
Meles meles,12261.3433333,M,3.0,3,3,no
Melospiza melodia,21.91,B,2.5,2,3,yes
Melursus ursinus,97343.33,M,2.0,2,2,no
Menetes berdmorei,190.0,M,2.0,2,2,no
Mephitis mephitis,2295.00333333,M,3.7,3,5,no
Merops apiaster,56.6,B,3.0,3,3,yes
Merops hirundineus,21.7,B,3.0,3,3,yes
Merops philippinus,34.0,B,3.0,3,3,yes
Merops pusillus,15.1,B,3.0,3,3,yes
Mesophylla macconnelli,6.86,M,2.0,2,2,no
Metachirus nudicaudatus,368.59,M,2.0,2,2,no
Microcebus murinus,68.2,M,2.0,2,2,no
Microcebus rufus,46.4633333333,M,2.0,2,2,no
Micronycteris megalotis,6.30333333333,M,2.0,2,2,no
Micropteropus pusillus,25.75,M,2.0,2,2,no
Micrurus distans,301.0,R,5.0,5,5,no
Micrurus fulvius,402.0,R,4.0,4,4,no
Milvago chimachima,315.21,B,2.0,2,2,no
Milvus migrans,734.1,B,2.0,2,2,no
Milvus milvus,1071.77,B,4.0,4,4,no
Mimus gilvus,51.99,B,2.0,2,2,no
Mimus polyglottos,48.5,B,2.5,2,3,yes
Mimus saturninus,63.7,B,2.0,2,2,no
Mionectes oleagineus,11.17,B,2.0,2,2,no
Mionectes rufiventris,13.3,B,2.0,2,2,no
Molothrus ater,40.26,B,2.5,2,3,yes
Molothrus bonariensis,41.49,B,2.0,2,2,no
Monodelphis americana,19.5,M,2.0,2,2,no
Morelia spilota,21727.0,R,3.0,3,3,no
Muntiacus reevesi,13499.98,M,2.0,2,2,no
Mus musculus,18.2833333333,M,4.0,4,4,yes
Muscicapa caerulescens,17.6,B,2.0,2,2,no
Muscicapa striata,15.9,B,3.0,3,3,yes
Mustela erminea,229.293333333,M,3.33333333333,3,4,yes
Mustela frenata,176.01,M,3.0,3,3,no
Mustela nivalis,87.41,M,3.0,3,3,no
Mustela putorius,958.306666667,M,3.0,3,3,no
Mycteria americana,2554.47,B,3.75,3,5,no
Myiarchus antillarum,23.4,B,4.11111111111,4,5,yes
Myiarchus cinerascens,28.2,B,3.0,3,3,yes
Myiodynastes maculatus,43.2,B,2.0,2,2,no
Myiophobus fasciatus,9.9,B,2.0,2,2,no
Myiopsitta monachus,120.0,B,3.0,2,4,no
Myiozetetes cayanensis,25.9,B,2.0,2,2,no
Myiozetetes similis,28.0,B,2.0,2,2,no
Myonycteris torquata,43.8833333333,M,2.0,2,2,no
Myoprocta acouchy,832.956666667,M,2.0,2,2,no
Myosciurus pumilio,65.98,M,2.0,2,2,no
Nandayus nenday,128.0,B,2.0,2,2,no
Nasalis larvatus,11188.55,M,2.0,2,2,no
Nasua narica,4396.16,M,2.0,2,2,no
Nasua nasua,3786.45,M,2.0,2,2,no
Natrix natrix,2799.0,R,3.8,3,4,yes
Natrix tessellata,284.0,R,4.0,4,4,yes
Nectarinia asiatica,8.1,B,2.0,2,2,no
Nectarinia chalybea,7.73,B,2.0,2,2,no
Nectarinia dussumieri,10.8,B,2.0,2,2,no
Nectarinia lotenia,8.77,B,2.0,2,2,no
Nectarinia mediocris,8.19,B,2.0,2,2,no
Nectomys squamipes,186.91,M,2.0,2,2,no
Nemosia pileata,16.0,B,2.0,2,2,no
Neopelma aurifrons,14.0,B,2.0,2,2,no
Neopelma pallescens,18.2,B,2.0,2,2,no
Neovison vison,1150.0,M,3.33333333333,3,4,yes
Nerodia sipedon,1084.0,R,4.66666666667,4,5,no
Nesospingus speculiferus,35.2,B,4.11111111111,4,5,yes
Nestor meridionalis,428.01,B,2.0,2,2,no
Nestor notabilis,862.97,B,2.0,2,2,no
Nettapus auritus,266.0,B,2.0,2,2,no
Nettapus pulchellus,306.98,B,2.0,2,2,no
Ninox novaeseelandiae,183.37,B,3.5,3,4,yes
Niviventer confucianus,65.0,M,2.0,2,2,no
Niviventer fulvescens,82.0466666667,M,2.0,2,2,no
Noctilio albiventris,31.2033333333,M,2.0,2,2,no
Notophthalmus viridescens,3.9,A,3.0,3,3,yes
Nucifraga columbiana,129.81,B,2.0,2,2,no
Numenius americanus,583.86,B,3.8,3,4,yes
Numenius arquata,802.99,B,3.8,3,4,yes
Numenius phaeopus,364.57,B,3.0,3,3,yes
Numida meleagris,1299.0,B,2.0,2,2,no
Nyctanassa violacea,681.67,B,3.0,3,3,yes
Nycticebus coucang,899.683333333,M,2.0,2,2,no
Nycticorax nycticorax,810.0,B,3.93333333333,3,4,yes
Oceanites oceanicus,30.41,B,3.42857142857,3,4,yes
Odocoileus hemionus,74191.0466667,M,2.0,2,2,no
Odocoileus virginianus,68803.27,M,2.0,2,2,no
Ondatra zibethicus,1016.35333333,M,3.0,3,3,yes
Onychognathus morio,132.9,B,2.0,2,2,no
Onychognathus nabouroup,102.43,B,2.0,2,2,no
Onychognathus walleri,93.0,B,2.0,2,2,no
Opheodrys aestivus,171.0,R,3.0,3,3,yes
Orchesticus abeillei,31.5,B,2.0,2,2,no
Oreortyx pictus,233.0,B,2.0,2,2,no
Oriolus larvatus,66.1,B,2.0,2,2,no
Oriolus oriolus,79.0,B,2.0,2,2,no
Ortalis canicollis,539.0,B,2.0,2,2,no
Ortalis guttata,547.72,B,2.0,2,2,no
Ortalis ruficauda,586.24,B,2.0,2,2,no
Ortalis vetula,562.6,B,2.0,2,2,no
Orthogonys chloricterus,40.0,B,2.0,2,2,no
Orthopsittaca manilata,372.0,B,2.0,2,2,no
Oryctolagus cuniculus,1670.93,M,2.0,2,2,no
Osteopilus septentrionalis,51.526992314,A,4.0,4,4,yes
Ourebia ourebi,17178.71,M,2.0,2,2,no
Ovis canadensis,74629.9166667,M,2.0,2,2,no
Oxyruncus cristatus,42.0,B,2.0,2,2,no
Oxyura jamaicensis,608.15,B,2.5,2,3,yes
Pachyptila belcheri,145.0,B,3.66666666667,3,4,yes
Pachyptila crassirostris,138.33,B,3.0,3,3,yes
Pachyptila desolata,147.0,B,3.66666666667,3,4,yes
Pachyptila salvini,159.0,B,3.0,3,3,yes
Pachyptila turtur,137.0,B,3.5,3,4,yes
Pachyptila vittata,196.0,B,3.0,3,3,yes
Pachyramphus castaneus,19.5,B,2.0,2,2,no
Pachyramphus polychopterus,20.8,B,2.0,2,2,no
Pachyramphus validus,43.0,B,2.0,2,2,no
Pachyramphus viridis,21.0,B,2.0,2,2,no
Pagodroma nivea,268.0,B,3.33333333333,3,4,yes
Paguma larvata,4300.0,M,2.0,2,2,no
Palmeria dolei,26.07,B,2.0,2,2,no
Pan paniscus,34773.3433333,M,2.0,2,2,no
Pan troglodytes,44200.0,M,2.66666666667,2,3,no
Pandion haliaetus,1483.2,B,3.86842105263,3,5,no
Panthera leo,159707.663333,M,3.07692307692,3,4,no
Panthera onca,89614.3633333,M,3.0,3,3,no
Panthera pardus,52279.4033333,M,3.0625,3,4,no
Panthera tigris,162492.886667,M,3.25,3,4,no
Pantherophis alleghaniensis,1282.0,R,3.33333333333,3,4,yes
Pantherophis obsoletus,1282.0,R,3.0,3,3,no
Pantherophis spiloides,809.0,R,3.0,3,3,no
Papio anubis,17728.56,M,2.0,2,2,no
Papio cynocephalus,15822.15,M,2.0,2,2,no
Papio hamadryas,17385.71,M,2.0,2,2,no
Papio papio,18026.05,M,2.0,2,2,no
Papio ursinus,17729.44,M,2.0,2,2,no
Parabuteo unicinctus,850.28,B,3.0,3,3,no
Paradoxurus hermaphroditus,3185.55333333,M,2.0,2,2,no
Paradoxurus jerdoni,3297.02666667,M,2.0,2,2,no
Parula americana,7.84,B,3.0,3,3,yes
Parus major,16.25,B,2.5,2,3,yes
Passer domesticus,26.51,B,2.5,2,3,yes
Passer hispaniolensis,24.2,B,2.0,2,2,no
Passer melanurus,29.5,B,2.0,2,2,no
Passer montanus,21.39,B,2.0,2,2,no
Passer suahelicus,21.95,B,2.0,2,2,no
Passerculus sandwichensis,19.97,B,2.5,2,3,yes
Passerella iliaca,33.25,B,2.0,2,2,no
Passerina ciris,15.54,B,2.5,2,3,yes
Passerina cyanea,14.69,B,3.0,3,3,yes
Patagioenas cayennensis,229.0,B,2.0,2,2,no
Patagioenas fasciata,366.3,B,2.0,2,2,no
Patagioenas inornata,365.0,B,2.0,2,2,no
Patagioenas leucocephala,240.14,B,2.0,2,2,no
Patagioenas picazuro,279.0,B,2.0,2,2,no
Patagioenas plumbea,178.77,B,2.0,2,2,no
Patagioenas squamosa,312.0,B,2.0,2,2,no
Pecari tajacu,21233.46,M,2.0,2,2,no
Pedetes capensis,2751.41666667,M,2.0,2,2,no
Pelecanoides georgicus,121.0,B,3.0,2,4,yes
Pelecanoides urinatrix,152.06,B,2.5,2,3,yes
Pelecanus erythrorhynchos,5608.48,B,5.0,5,5,yes
Pelecanus occidentalis,3427.84,B,3.92307692308,3,4,yes
Penelope dabbenei,1230.0,B,2.0,2,2,no
Penelope marail,879.67,B,2.0,2,2,no
Penelope obscura,1770.0,B,2.0,2,2,no
Penelope purpurascens,2060.0,B,2.0,2,2,no
Penelope superciliaris,894.99,B,2.0,2,2,no
Penelopides panini,470.54,B,2.0,2,2,no
Perdix perdix,405.3,B,2.0,2,2,no
Pericrocotus cantonensis,16.26,B,2.0,2,2,no
Perisoreus canadensis,71.58,B,3.5,3,4,yes
Pernis apivorus,754.37,B,3.0,3,3,no
Peromyscus maniculatus,20.4533333333,M,2.5,2,3,no
Peromyscus mexicanus,39.26,M,2.0,2,2,no
Peromyscus polionotus,13.84,M,2.0,2,2,no
Petrochelidon pyrrhonota,21.6,B,3.0,3,3,yes
Phacochoerus africanus,82499.9966667,M,2.0,2,2,no
Phaeomyias murina,10.0,B,2.0,2,2,no
Phaethornis eurynome,5.3,B,2.0,2,2,no
Phaethornis guy,6.3,B,2.0,2,2,no
Phaethornis longuemareus,3.0,B,2.0,2,2,no
Phainopepla nitens,22.1,B,2.0,2,2,no
Phalacrocorax atriceps,2000.0,B,3.94736842105,3,4,yes
Phalacrocorax auritus,1806.49,B,3.83333333333,3,4,yes
Phalacrocorax brasilianus,1239.29,B,3.23076923077,3,4,yes
Phalacrocorax carbo,2528.97,B,3.78571428571,3,4,yes
Phalacrocorax pelagicus,1843.95,B,4.0,4,4,yes
Phalacrocorax varius,1940.65,B,3.5,3,4,yes
Phalcoboenus carunculatus,991.0,B,3.0,3,3,no
Phasianus colchicus,1120.31,B,2.5,2,3,yes
Phelsuma laticauda,6.0,R,2.0,2,2,no
Pheucticus chrysopeplus,77.6,B,2.0,2,2,no
Pheucticus ludovicianus,42.0,B,2.5,2,3,yes
Pheucticus melanocephalus,47.13,B,2.5,2,3,yes
Phibalura flavirostris,46.5,B,2.0,2,2,no
Philander frenatus,395.45,M,2.0,2,2,no
Philander opossum,479.77,M,2.0,2,2,no
Phoebastria immutabilis,3145.93,B,3.5,3,4,yes
Phoebastria nigripes,3188.41,B,3.66666666667,3,4,yes
Phoebetria fusca,2553.66,B,3.66666666667,3,4,yes
Phoebetria palpebrata,3150.0,B,3.66666666667,3,4,yes
Phoenicurus ochruros,16.5,B,2.0,2,2,no
Phoenicurus phoenicurus,14.59,B,2.0,2,2,no
Phyllastrephus terrestris,31.08,B,3.0,3,3,yes
Phyllomyias fasciatus,10.3,B,2.0,2,2,no
Phyllomyias griseocapilla,8.0,B,2.0,2,2,no
Phylloscartes ventralis,8.3,B,2.0,2,2,no
Phylloscopus collybita,8.3,B,2.0,2,2,no
Phyllostomus discolor,35.7766666667,M,2.0,2,2,no
Phyllostomus hastatus,89.9166666667,M,2.0,2,2,no
Piaya cayana,101.98,B,3.0,3,3,yes
Pica hudsonia,177.12,B,3.0,3,3,yes
Pica pica,217.48,B,3.2,2,5,yes
Picoides albolarvatus,61.07,B,3.0,3,3,yes
Picoides dorsalis,55.05,B,3.0,3,3,yes
Picoides nuttallii,37.39,B,2.0,2,2,no
Picoides pubescens,25.55,B,2.5,2,3,yes
Picoides villosus,62.65,B,2.5,2,3,yes
Piculus aurulentus,74.99,B,2.0,2,2,no
Picumnus cirratus,10.2,B,2.0,2,2,no
Picumnus nebulosus,11.6,B,2.0,2,2,no
Picus viridis,176.0,B,3.0,3,3,yes
Pinicola enucleator,56.4,B,2.5,2,3,yes
Pionites melanocephalus,148.78,B,2.0,2,2,no
Pipilo crissalis,52.83,B,2.0,2,2,no
Pipilo maculatus,39.28,B,2.5,2,3,yes
Pipra mentalis,15.0,B,2.0,2,2,no
Pipra pipra,11.11,B,2.0,2,2,no
Pipra rubrocapilla,12.0,B,2.0,2,2,no
Pipraeidea melanonota,21.0,B,2.0,2,2,no
Piranga flava,37.7,B,2.0,2,2,no
Piranga ludoviciana,28.1,B,2.5,2,3,yes
Pitangus sulphuratus,62.85,B,2.0,2,2,no
Pituophis deppei,514.0,R,3.0,3,3,no
Pituophis melanoleucus,957.0,R,4.0,4,4,yes
Platalea regia,1723.49,B,3.0,3,3,yes
Platycercus caledonicus,132.59,B,2.0,2,2,no
Platycercus elegans,123.86,B,2.0,2,2,no
Platycercus eximius,104.0,B,2.0,2,2,no
Platyrrhinus helleri,13.4466666667,M,2.0,2,2,no
Platyrrhinus lineatus,24.2666666667,M,2.0,2,2,no
Platyrrhinus recifinus,22.0,M,2.0,2,2,no
Platyrrhinus vittatus,38.47,M,2.0,2,2,no
Platysaurus capensis,17.0,R,2.0,2,2,no
Plectrophenax nivalis,42.2,B,2.5,2,3,yes
Plectropterus gambensis,3869.0,B,2.0,2,2,no
Plestiodon fasciatus,13.0,R,3.0,3,3,yes
Plestiodon lagunensis,4.0,R,4.0,4,4,yes
Ploceus capensis,43.99,B,2.0,2,2,no
Ploceus cucullatus,36.08,B,2.0,2,2,no
Pluvialis apricaria,214.0,B,3.0,3,3,yes
Pluvialis squatarola,250.0,B,3.8,3,4,yes
Podarcis muralis,11.0,R,3.0,3,3,yes
Podiceps auritus,453.0,B,3.5,3,4,yes
Podiceps cristatus,730.96,B,4.0,4,4,yes
Podiceps nigricollis,412.44,B,3.90909090909,3,4,yes
Podilymbus podiceps,411.93,B,3.92307692308,3,4,no
Pogoniulus bilineatus,13.1,B,2.0,2,2,no
Pogonocichla stellata,18.6,B,2.0,2,2,no
Poicephalus gulielmi,274.59,B,2.0,2,2,no
Poicephalus meyeri,117.47,B,2.0,2,2,no
Poicephalus robustus,343.01,B,2.0,2,2,no
Polemaetus bellicosus,3964.54,B,3.0,3,3,no
Polyboroides radiatus,570.0,B,3.0,3,3,no
Polysticta stelleri,806.76,B,3.5,3,4,yes
Pomatorhinus musicus,31.61,B,2.0,2,2,no
Pomatorhinus schisticeps,43.0,B,2.0,2,2,no
Pongo pygmaeus,47502.7633333,M,2.0,2,2,no
Pooecetes gramineus,25.68,B,2.0,2,2,no
Poospiza lateralis,19.2,B,2.0,2,2,no
Poospiza thoracica,11.9,B,2.0,2,2,no
Porphyrio hochstetteri,2462.18,B,2.0,2,2,no
Porzana carolina,74.8,B,3.66666666667,3,4,yes
Potamochoerus porcus,70000.21,M,2.0,2,2,no
Potos flavus,2640.60333333,M,2.0,2,2,no
Praomys jacksoni,40.0033333333,M,2.0,2,2,no
Praomys tullbergi,36.6766666667,M,2.0,2,2,no
Primolius auricollis,245.0,B,2.0,2,2,no
Prinia maculosa,9.0,B,2.0,2,2,no
Procavia capensis,2977.48666667,M,2.0,2,2,no
Procellaria aequinoctialis,1213.0,B,3.71428571429,2,4,yes
Procnias nudicollis,172.04,B,2.0,2,2,no
Procolobus verus,3985.95333333,M,2.0,2,2,no
Procyon cancrivorus,6943.88,M,2.0,2,2,no
Procyon lotor,6089.56333333,M,3.6,2,5,no
Proechimys brevicauda,284.996666667,M,2.0,2,2,no
Proechimys cuvieri,336.616666667,M,2.0,2,2,no
Proechimys longicaudatus,205.0,M,2.0,2,2,no
Proechimys pattoni,292.04,M,2.0,2,2,no
Proechimys semispinosus,357.606666667,M,2.0,2,2,no
Proechimys simonsi,284.996666667,M,2.0,2,2,no
Proechimys steerei,284.996666667,M,2.0,2,2,no
Progne subis,53.79,B,3.0,3,3,yes
Prosthemadera novaeseelandiae,105.83,B,2.0,2,2,no
Protoxerus stangeri,627.31,M,2.0,2,2,no
Prunella modularis,20.24,B,3.0,3,3,yes
Psaltriparus minimus,5.3,B,2.5,2,3,yes
Psammophis mossambicus,789.0,R,5.0,5,5,yes
Psarocolius decumanus,206.3,B,2.0,2,2,no
Psarocolius montezuma,309.87,B,2.0,2,2,no
Pseudacris regilla,5.6,A,3.0,3,3,yes
Pseudoleistes guirahuro,86.42,B,2.0,2,2,no
Pseudonigrita arnaudi,20.0,B,2.0,2,2,no
Pseudoscops grammicus,335.0,B,4.0,3,5,yes
Psittacula krameri,116.11,B,2.0,2,2,no
Psittacus erithacus,333.0,B,2.0,2,2,no
Psophia crepitans,1026.0,B,2.0,2,2,no
Ptenochirus jagori,78.41,M,2.0,2,2,no
Pterodroma macroptera,531.78,B,3.0,3,3,yes
Pterodroma mollis,312.0,B,3.0,3,3,yes
Pteroglossus aracari,250.16,B,2.0,2,2,no
Pteroglossus castanotis,258.09,B,2.0,2,2,no
Pteropus alecto,620.233333333,M,2.0,2,2,no
Pteropus conspicillatus,764.47,M,2.0,2,2,no
Pteropus giganteus,815.673333333,M,2.0,2,2,no
Pteropus niger,466.893333333,M,2.0,2,2,no
Pteropus poliocephalus,718.23,M,2.0,2,2,no
Pteropus rufus,363.5,M,2.0,2,2,no
Pteropus scapulatus,388.103333333,M,2.0,2,2,no
Pteropus seychellensis,479.066666667,M,2.0,2,2,no
Pteropus tonganus,512.28,M,2.0,2,2,no
Ptilinopus iozonus,114.0,B,2.0,2,2,no
Ptilinopus magnificus,185.41,B,2.0,2,2,no
Ptilocercus lowii,42.2933333333,M,2.0,2,2,no
Ptychoramphus aleuticus,184.0,B,3.75,3,4,yes
Puffinus griseus,787.0,B,3.875,3,4,yes
Puffinus tenuirostris,559.0,B,3.75,3,4,yes
Puma concolor,53151.3633333,M,2.9,2,3,no
Pycnonotus atriceps,25.5,B,2.0,2,2,no
Pycnonotus barbatus,32.1,B,2.0,2,2,no
Pycnonotus brunneus,28.8,B,2.0,2,2,no
Pycnonotus cafer,42.85,B,3.0,2,4,yes
Pycnonotus finlaysoni,26.3,B,2.0,2,2,no
Pycnonotus melanicterus,29.3,B,2.0,2,2,no
Pycnonotus nigricans,30.8,B,2.0,2,2,no
Pycnonotus sinensis,34.2,B,2.5,2,3,yes
Pygoderma bilabiatum,18.5,M,2.0,2,2,no
Pygoscelis adeliae,4847.67,B,3.69230769231,3,4,yes
Pygoscelis antarcticus,4146.08,B,3.2,3,4,yes
Pygoscelis papua,5932.95,B,3.72,2,4,yes
Pyroderus scutatus,357.0,B,2.0,2,2,no
Pyrrhocoma ruficeps,15.6,B,2.0,2,2,no
Pyrrhula pyrrhula,24.26,B,2.0,2,2,no
Pyrrhura frontalis,72.0,B,2.0,2,2,no
Pyrrhura hoematotis,68.7,B,2.0,2,2,no
Python molurus,119950.0,R,3.75,3,5,yes
Python sebae,50466.0,R,3.0,3,3,no
Pyxicephalus adspersus,1400.0,A,5.0,5,5,yes
Quiscalus major,151.21,B,3.25,2,5,yes
Quiscalus mexicanus,160.47,B,2.5,2,3,yes
Quiscalus quiscula,105.18,B,3.25,2,4,yes
Rallus longirostris,259.35,B,3.66666666667,3,4,yes
Ramphastos dicolorus,331.0,B,2.0,2,2,no
Ramphastos swainsonii,651.68,B,2.5,2,3,no
Ramphastos toco,617.99,B,2.0,2,2,no
Ramphastos tucanus,659.58,B,2.0,2,2,no
Ramphastos vitellinus,360.36,B,2.0,2,2,no
Ramphocelus bresilius,32.9,B,2.0,2,2,no
Ramphocelus carbo,25.92,B,2.0,2,2,no
Rana draytonii,77.7,A,3.66666666667,3,4,yes
Rana muscosa,76.0,A,3.0,3,3,yes
Rana temporaria,47.6,A,3.0,3,3,yes
Raphicerus campestris,11253.85,M,2.0,2,2,no
Rattus norvegicus,301.406666667,M,3.66666666667,3,4,yes
Rattus rattus,171.603333333,M,3.71428571429,2,4,yes
Ratufa bicolor,1756.36,M,2.0,2,2,no
Recurvirostra americana,304.48,B,3.8,3,4,yes
Recurvirostra avosetta,304.0,B,3.66666666667,3,4,yes
Redunca redunca,43346.4533333,M,2.0,2,2,no
Regulus satrapa,6.19,B,3.0,3,3,yes
Rhabdomys pumilio,40.85,M,2.0,2,2,no
Rhea americana,23000.0,B,2.0,2,2,no
Rhinoceros unicornis,1758662.93333,M,2.0,2,2,no
Rhinophylla pumilio,9.55666666667,M,2.0,2,2,no
Rhipidura fuliginosa,7.53,B,2.0,2,2,no
Rhynchopsitta pachyrhyncha,324.77,B,2.0,2,2,no
Riparia riparia,12.68,B,3.0,3,3,yes
Rissa tridactyla,415.99,B,4.0,3,5,yes
Rostrhamus sociabilis,366.94,B,3.0,3,3,yes
Rousettus leschenaultii,84.88,M,2.0,2,2,no
Rupicola rupicola,194.56,B,2.0,2,2,no
Rynchops niger,297.73,B,3.61538461538,3,4,yes
Saccostomus campestris,50.62,M,2.0,2,2,no
Saccostomus mearnsi,58.4366666667,M,2.0,2,2,no
Saimiri boliviensis,739.82,M,2.0,2,2,no
Saimiri sciureus,747.57,M,2.0,2,2,no
Salpinctes obsoletus,16.37,B,3.0,3,3,yes
Saltator albicollis,41.33,B,2.0,2,2,no
Saltator atriceps,83.79,B,2.0,2,2,no
Saltator atricollis,53.8,B,2.0,2,2,no
Saltator coerulescens,54.9,B,2.0,2,2,no
Saltator fuliginosus,50.5,B,2.0,2,2,no
Saltator maxillosus,50.8,B,2.0,2,2,no
Saltator maximus,47.62,B,2.0,2,2,no
Saltator similis,43.3,B,2.0,2,2,no
Sarkidiornis melanotos,2610.0,B,2.0,2,2,no
Satrapa icterophrys,21.5,B,2.0,2,2,no
Sauromalus ater,513.0,R,2.0,2,2,no
Sayornis nigricans,18.63,B,2.5,2,3,yes
Sayornis phoebe,19.7,B,3.0,3,3,yes
Sayornis saya,20.9,B,3.0,3,3,yes
Sceloporus grammicus,18.0,R,3.0,3,3,yes
Sceloporus occidentalis,29.0,R,3.0,3,3,yes
Schiffornis virescens,25.6,B,2.0,2,2,no
Schistochlamys melanopis,33.0,B,2.0,2,2,no
Schistochlamys ruficapillus,31.2,B,2.0,2,2,no
Sciurus aestuans,179.78,M,2.0,2,2,no
Sciurus arizonensis,646.993333333,M,2.0,2,2,no
Sciurus aureogaster,502.19,M,2.0,2,2,no
Sciurus carolinensis,532.633333333,M,2.66666666667,2,3,no
Sciurus granatensis,295.813333333,M,2.0,2,2,no
Sciurus griseus,712.95,M,2.5,2,3,no
Sciurus niger,761.9,M,3.0,2,4,yes
Sciurus variegatoides,485.0,M,2.0,2,2,no
Sciurus vulgaris,333.0,M,2.75,2,3,no
Seiurus aurocapilla,18.8,B,3.85714285714,3,4,yes
Seiurus motacilla,19.9,B,3.85714285714,3,4,yes
Selasphorus rufus,3.5,B,2.0,2,2,no
Selasphorus sasin,3.36,B,2.0,2,2,no
Selenidera maculirostris,164.0,B,2.0,2,2,no
Serilophus lunatus,34.0,B,2.0,2,2,no
Serinus mozambicus,11.87,B,2.0,2,2,no
Serpophaga subcristata,6.6,B,2.0,2,2,no
Sialia currucoides,29.6,B,2.5,2,3,yes
Sialia mexicana,26.44,B,2.5,2,3,yes
Sialia sialis,27.5,B,2.5,2,3,yes
Sicalis flaveola,16.89,B,2.0,2,2,no
Sigmodon hispidus,104.676666667,M,2.0,2,2,no
Sirystes sibilator,32.3,B,2.0,2,2,no
Sitta canadensis,9.8,B,3.0,3,3,yes
Sitta carolinensis,21.0,B,2.5,2,3,yes
Sitta europaea,20.37,B,2.0,2,2,no
Somateria mollissima,2060.93,B,3.5,3,4,yes
Sphaerodactylus klauberi,1.0,R,4.0,4,4,yes
Sphyrapicus ruber,54.79,B,2.5,2,3,yes
Sphyrapicus varius,50.3,B,2.0,2,2,no
Spindalis zena,25.36,B,2.0,2,2,no
Spiza americana,26.18,B,2.0,2,2,no
Spizaetus ornatus,1197.4,B,3.0,3,3,no
Spizaetus tyrannus,1007.11,B,3.0,3,3,no
Spizella breweri,10.9,B,2.0,2,2,no
Spizella passerina,12.2,B,2.5,2,3,yes
Sporophila albogularis,9.7,B,2.0,2,2,no
Sporophila caerulescens,9.73,B,2.0,2,2,no
Sporophila leucoptera,15.5,B,2.0,2,2,no
Sporophila nigricollis,9.6,B,2.0,2,2,no
Stactolaema whytii,55.6,B,2.0,2,2,no
Steatornis caripensis,408.0,B,2.0,2,2,no
Stelgidopteryx serripennis,15.69,B,3.0,3,3,yes
Stephanoaetus coronatus,3640.0,B,3.0,3,3,no
Stephanophorus diadematus,35.4,B,2.0,2,2,no
Stercorarius longicaudus,287.9,B,3.0,3,3,no
Stercorarius parasiticus,444.31,B,3.66666666667,3,5,yes
Sterna forsteri,149.0,B,3.88888888889,3,4,yes
Sterna hirundo,129.15,B,3.25,3,4,yes
Sterna paradisaea,110.0,B,3.5,3,4,yes
Sterna vittata,139.0,B,3.4,3,4,yes
Stochomys longicaudatus,70.9333333333,M,2.0,2,2,no
Strepera graculina,298.86,B,2.0,2,2,no
Strix aluco,472.46,B,3.33333333333,3,4,no
Strix nebulosa,1061.89,B,3.54545454545,3,4,no
Strix occidentalis,586.37,B,3.5,3,4,no
Strix varia,711.49,B,3.39473684211,3,5,yes
Struthio camelus,111000.0,B,2.0,2,2,no
Sturnella neglecta,100.06,B,2.5,2,3,yes
Sturnira lilium,19.83,M,2.0,2,2,no
Sturnira tildae,24.2766666667,M,2.0,2,2,no
Sturnus vulgaris,77.14,B,2.0,2,2,no
Surnia ulula,319.9,B,3.375,3,4,no
Sus scrofa,88363.21,M,2.0,2,2,no
Syconycteris australis,17.4333333333,M,2.0,2,2,no
Sylvia atricapilla,16.7,B,2.0,2,2,no
Sylvia boehmi,14.0,B,2.0,2,2,no
Sylvia borin,18.2,B,2.0,2,2,no
Sylvia communis,15.1,B,2.0,2,2,no
Sylvia curruca,11.44,B,2.5,2,3,yes
Sylvicapra grimmia,16879.6466667,M,2.0,2,2,no
Sylvilagus floridanus,1196.66,M,2.0,2,2,no
Synallaxis ruficapilla,13.8,B,2.0,2,2,no
Syncerus caffer,588556.22,M,2.0,2,2,no
Synthliboramphus hypoleucus,167.0,B,3.55555555556,3,4,yes
Tachybaptus ruficollis,169.43,B,3.5,3,4,yes
Tachycineta bicolor,21.2,B,2.5,2,3,yes
Tachycineta thalassina,14.14,B,3.0,3,3,yes
Tachyphonus coronatus,29.3,B,2.0,2,2,no
Tachyphonus cristatus,18.8,B,2.0,2,2,no
Tachyphonus rufus,34.4,B,2.0,2,2,no
Tachyphonus surinamus,19.0,B,2.0,2,2,no
Tadorna tadorna,1146.83,B,3.8,3,4,yes
Tadorna variegata,1540.95,B,2.5,2,3,yes
Talpa europaea,83.1766666667,M,3.0,3,3,yes
Tamandua mexicana,4142.83,M,2.0,2,2,no
Tamias striatus,111.91,M,2.0,2,2,no
Tamiasciurus hudsonicus,200.47,M,3.25,3,4,yes
Tangara cyanoptera,21.53,B,2.0,2,2,no
Tangara cyanoventris,16.5,B,2.0,2,2,no
Tangara desmaresti,20.4,B,2.0,2,2,no
Tangara preciosa,22.8,B,2.0,2,2,no
Tangara seledon,18.7,B,2.0,2,2,no
Tapirus bairdii,294926.906667,M,2.0,2,2,no
Tapirus terrestris,180999.183333,M,2.0,2,2,no
Tauraco hartlaubi,224.0,B,2.0,2,2,no
Taxidea taxus,7596.56666667,M,3.14285714286,3,4,yes
Tayassu pecari,31810.8,M,2.0,2,2,no
Terathopius ecaudatus,2200.0,B,3.0,3,3,no
Terrapene carolina,1094.0,R,2.0,2,2,no
Tersina viridis,29.0,B,2.0,2,2,no
Tetrao urogallus,2716.61,B,3.0,3,3,yes
Thalassarche chlororhynchos,2128.84,B,3.0,3,3,yes
Thalassarche chrysostoma,3499.03,B,3.66666666667,3,4,yes
Thalassoica antarctica,708.43,B,3.42857142857,3,4,yes
Thalassornis leuconotus,698.33,B,2.0,2,2,no
Thalurania furcata,4.19,B,2.0,2,2,no
Thalurania glaucopis,4.8,B,2.0,2,2,no
Thamnophilus caerulescens,21.1,B,2.0,2,2,no
Thamnophis atratus,355.0,R,3.75,3,4,yes
Thamnophis elegans,378.0,R,4.0,4,4,yes
Thamnophis marcianus,366.0,R,4.0,4,4,no
Thamnophis proximus,562.0,R,4.0,4,4,yes
Thamnophis sirtalis,863.0,R,3.83333333333,3,4,no
Thlypopsis sordida,17.0,B,2.0,2,2,no
Thomomys bottae,120.15,M,2.0,2,2,no
Thraupis bonariensis,36.0,B,2.0,2,2,no
Thraupis cyanoptera,43.3,B,2.0,2,2,no
Thraupis episcopus,35.0,B,2.0,2,2,no
Thraupis ornata,33.0,B,2.0,2,2,no
Thraupis sayaca,32.49,B,2.0,2,2,no
Threskiornis aethiopicus,1493.18,B,2.5,2,3,no
Tijuca atra,80.0,B,2.0,2,2,no
Tityra cayana,68.1,B,2.0,2,2,no
Tityra inquisitor,43.1,B,2.0,2,2,no
Tockus fasciatus,258.83,B,2.0,2,2,no
Todiramphus sanctus,52.96,B,3.0,3,3,yes
Todus mexicanus,5.9,B,4.0,3,5,yes
Tolmomyias flaviventris,12.2,B,2.0,2,2,no
Tolmomyias sulphurescens,14.3,B,2.0,2,2,no
Tonatia bidens,27.5366666667,M,2.0,2,2,no
Torgos tracheliotos,6969.0,B,3.0,3,3,no
Toxostoma curvirostre,80.54,B,2.5,2,3,yes
Toxostoma longirostre,67.6,B,2.0,2,2,no
Toxostoma redivivum,84.4,B,2.0,2,2,no
Toxostoma rufum,68.8,B,2.0,2,2,no
Trachemys stejnegeri,2547.0,R,3.0,3,3,no
Trachops cirrhosus,37.1566666667,M,2.0,2,2,no
Trachyphonus vaillantii,69.4,B,3.0,3,3,yes
Tragelaphus angasii,87072.3933333,M,2.0,2,2,no
Tragelaphus eurycerus,289333.826667,M,2.0,2,2,no
Tragelaphus scriptus,43266.9266667,M,2.0,2,2,no
Tragelaphus strepsiceros,208185.816667,M,2.0,2,2,no
Treron apicauda,217.19,B,2.0,2,2,no
Treron calvus,197.53,B,2.0,2,2,no
Treron phoenicopterus,235.0,B,2.0,2,2,no
Treron pompadora,234.0,B,2.0,2,2,no
Treron sieboldii,245.0,B,2.0,2,2,no
Treron sphenurus,210.0,B,2.0,2,2,no
Trichoglossus haematodus,113.25,B,2.0,2,2,no
Trichosurus vulpecula,2678.46333333,M,2.5,2,3,yes
Trichothraupis melanops,22.58,B,2.0,2,2,no
Triclaria malachitacea,90.0,B,2.0,2,2,no
Trigonoceps occipitalis,3016.0,B,3.0,3,3,no
Tringa erythropus,158.0,B,3.66666666667,3,4,yes
Tringa melanoleuca,161.74,B,3.83333333333,3,4,yes
Tringa nebularia,187.0,B,3.8,3,4,yes
Tringa totanus,129.0,B,3.66666666667,3,4,yes
Trinomys eliasi,200.0,M,2.0,2,2,no
Trinomys paratus,235.59,M,2.0,2,2,no
Troglodytes aedon,10.85,B,3.0,2,4,yes
Troglodytes troglodytes,9.74,B,3.0,3,3,yes
Trogon curucui,54.0,B,2.0,2,2,no
Trogon elegans,70.89,B,2.0,2,2,no
Trogon rufus,53.8,B,2.0,2,2,no
Trogon surrucura,73.29,B,2.0,2,2,no
Trogon viridis,89.69,B,2.0,2,2,no
Tropidurus hispidus,88.0,R,2.0,2,2,no
Tropidurus torquatus,79.0,R,3.0,3,3,yes
Tupaia belangeri,200.0,M,2.0,2,2,no
Turdoides jardineii,78.2,B,3.0,3,3,yes
Turdus assimilis,70.2,B,2.0,2,2,no
Turdus fumigatus,75.7,B,2.0,2,2,no
Turdus hortulorum,66.7,B,2.0,2,2,no
Turdus iliacus,61.2,B,2.0,2,2,no
Turdus leucomelas,69.1,B,2.0,2,2,no
Turdus merula,102.73,B,3.0,2,4,yes
Turdus migratorius,78.5,B,2.5,2,3,yes
Turdus naumanni,73.18,B,2.0,2,2,no
Turdus nigriceps,52.7,B,2.0,2,2,no
Turdus olivaceus,67.29,B,2.0,2,2,no
Turdus philomelos,67.74,B,2.5,2,3,yes
Turdus pilaris,106.0,B,2.0,2,2,no
Turdus plumbeus,75.3,B,4.0,2,5,yes
Turdus rufiventris,69.44,B,2.0,2,2,no
Turdus rufopalliatus,75.02,B,2.0,2,2,no
Turdus subalaris,49.5,B,2.0,2,2,no
Turdus torquatus,109.0,B,2.0,2,2,no
Turdus viscivorus,117.37,B,2.0,2,2,no
Tympanuchus cupido,870.08,B,2.0,2,2,no
Tympanuchus pallidicinctus,745.82,B,2.0,2,2,no
Tympanuchus phasianellus,882.38,B,2.0,2,2,no
Tyrannus dominicensis,46.5,B,2.0,2,2,no
Tyrannus forficatus,39.3,B,3.0,3,3,yes
Tyrannus melancholicus,37.4,B,2.0,2,2,no
Tyrannus savana,31.9,B,2.0,2,2,no
Tyrannus tyrannus,39.85,B,2.5,2,3,yes
Tyrannus verticalis,39.6,B,2.5,2,3,yes
Tyrannus vociferans,45.6,B,2.5,2,3,yes
Tyto alba,403.32,B,3.25641025641,3,5,yes
Uraeginthus angolensis,9.9,B,2.0,2,2,no
Uria aalge,991.93,B,3.88,3,4,yes
Uria lomvia,963.99,B,3.9,3,4,yes
Urocissa erythrorhyncha,151.52,B,2.0,2,2,no
Urocyon cinereoargenteus,3832.47666667,M,3.0,2,4,yes
Urocyon littoralis,1913.0,M,2.5,2,3,yes
Uroderma bilobatum,16.39,M,2.0,2,2,no
Urotriorchis macrourus,492.0,B,3.0,3,3,no
Ursus americanus,107149.786667,M,2.66666666667,2,3,no
Ursus arctos,190935.973333,M,3.34482758621,2,5,yes
Ursus maritimus,378484.723333,M,3.84615384615,3,5,yes
Vampyressa pusilla,8.66666666667,M,2.0,2,2,no
Vanellus miles,387.0,B,3.0,3,3,yes
Vanellus vanellus,218.37,B,3.0,3,3,yes
Veniliornis spilogaster,40.3,B,2.0,2,2,no
Vermivora ruficapilla,8.09,B,3.0,3,3,yes
Vijayachelys silvatica,370.0,R,2.0,2,2,no
Vipera aspis,325.0,R,4.0,4,4,yes
Vireo altiloquus,18.97,B,3.85714285714,3,4,yes
Vireo bellii,8.5,B,2.5,2,3,yes
Vireo cassinii,14.7,B,3.0,3,3,yes
Vireo flavifrons,18.0,B,2.5,2,3,yes
Vireo gilvus,12.67,B,2.5,2,3,yes
Vireo griseus,11.4,B,3.0,2,4,yes
Vireo huttoni,11.3,B,3.0,3,3,yes
Vireo latimeri,12.0,B,4.0,3,5,yes
Vireo olivaceus,16.06,B,2.5,2,3,yes
Vireo philadelphicus,11.5,B,2.5,2,3,yes
Vireo solitarius,15.3,B,2.5,2,3,yes
Viverricula indica,2935.77,M,2.0,2,2,no
Volatinia jacarina,9.94,B,2.0,2,2,no
Vulpes lagopus,3584.37,M,3.25,3,5,yes
Vulpes velox,2141.83666667,M,3.0,3,3,no
Vulpes vulpes,5045.51,M,3.47222222222,2,5,no
Wilsonia canadensis,10.04,B,3.0,3,3,yes
Xanthocephalus xanthocephalus,62.68,B,2.5,2,3,yes
Xenohyla truncata,4.84903000932,A,2.0,2,2,no
Xolmis cinereus,57.1,B,2.0,2,2,no
Xolmis velatus,49.08,B,2.0,2,2,no
Zenaida asiatica,153.0,B,2.0,2,2,no
Zenaida auriculata,110.2,B,2.0,2,2,no
Zenaida macroura,118.93,B,2.0,2,2,no
Zonotrichia albicollis,24.4,B,2.5,2,3,yes
Zonotrichia atricapilla,31.99,B,2.5,2,3,yes
Zonotrichia capensis,20.31,B,2.0,2,2,no
Zonotrichia leucophrys,28.0,B,2.5,2,3,yes
Zonotrichia querula,35.5,B,2.0,2,2,no
Zoothera citrina,53.3,B,2.0,2,2,no
Zoothera sibirica,75.5,B,2.0,2,2,no
Zosterops everetti,10.0,B,2.0,2,2,no
Zosterops japonicus,11.29,B,2.0,2,2,no
Zosterops lateralis,12.68,B,2.5,2,3,yes
Zosterops pallidus,11.1,B,2.0,2,2,no
Zosterops palpebrosus,8.6,B,2.0,2,2,no
